cycle,R0,R1,C1,tau,rmse_fit,success
0,0.0001,0.0001,500.0,0.05,0.07728267,1
1,0.0001,0.0001,500.00000001,0.05,0.10856498,1
2,0.0001,0.0001,500.0,0.05,0.05389746,1
3,0.01795242,0.00467102,499.99999983,2.3355109,0.04110945,1
4,0.0001,0.03257697,500.00000049,16.28848351,0.05480602,1
5,0.0001,0.0549549,500.00000159,27.47745138,0.0671631,1
6,0.0001,0.07587833,500.00000327,37.93916586,0.07905355,1
