{
  "Q_soc": 4.8750709507485914e-08,
  "Q_vrc": 0.007565303150211816,
  "R_meas": 0.007728579756593629,
  "P0_soc": 0.0037296342353344784,
  "P0_vrc": 3.94735979612986e-05,
  "alpha_ukf": 0.36590556756239034,
  "beta_ukf": 0.9459631359288494,
  "kappa_ukf": 2.1793745389375827
}