{
  "overall_RMSE": 0.02312580381672717,
  "overall_MAE": 0.015079303483433972,
  "per_cycle": {
    "0": {
      "RMSE": 0.01742376480491846,
      "MAE": 0.015298450830626555,
      "MaxAE": 0.03527967478069541
    },
    "1": {
      "RMSE": 0.050898189157548554,
      "MAE": 0.04639229995923119,
      "MaxAE": 0.07002658206947998
    },
    "2": {
      "RMSE": 0.020795644981980808,
      "MAE": 0.01809632460369089,
      "MaxAE": 0.030799297350131483
    },
    "3": {
      "RMSE": 0.009525734001000685,
      "MAE": 0.007585723665343248,
      "MaxAE": 0.017583111223328507
    },
    "4": {
      "RMSE": 0.00738336396529814,
      "MAE": 0.006702885163577175,
      "MaxAE": 0.015101011812928
    },
    "5": {
      "RMSE": 0.004520074488585266,
      "MAE": 0.0035828535764023165,
      "MaxAE": 0.015531518783748921
    },
    "6": {
      "RMSE": 0.004760120522109432,
      "MAE": 0.003178467530584634,
      "MaxAE": 0.01622999390950053
    }
  }
}